{
    "fsr_adc_pin": "P1_21",
    "reading_empty": 0.4605128228664398,
    "reading_full": 0.9675457894802093,
    "time_goal": 1.0
}