{
    "fsr_adc_pin": "P1_21",
    "reading_empty": 0.006813186872750521,
    "reading_full": 0.9464957296848298,
    "time_goal": 2.0
}